version     ,name                         ,id
0.10        ,Slides                       ,aapocclcgogkmnckokdopfmhonfmgoek
0.10        ,Docs                         ,aohghmighlieiainnegkcijnfilokake
4.2.8       ,YouTube                      ,blpcfgokakmgnkcojhhkbfbldkacnbeo
0.3.6       ,Dark Mode                    ,dmghijelimhndkbmpgbldicpogfkceaj
1.99.2      ,Video Downloader professional,elicpjhcidhpjomhibiffojpinpmmpil
1.2         ,Sheets                       ,felcaaldnbdncclmgdcncolpebgiejap
1.11.0      ,Google Docs Offline          ,ghbmnnjooekpmoecnnnilnnbdlolhkhi
4.14.0      ,__MSG_name_releasebuild__    ,gighmmpiobklfepjocnamgkkbiglidom
1.169.904   ,Hola Free VPN Proxy Unblocker,gkojfkhlekighikafcpjkiklfbnlmeio
1.0.0.5     ,Chrome Web Store Payments    ,nmmhkkegccagdldgiimedpiccmgmieda
8.2         ,Gmail                        ,pjkljhegncpnkpknbcohdijeoejaedia
8320.407.0.1,Chrome Media Router          ,pkedcjkdefgpdelpbcmbmeomcjbeemfm